permno,adate,qdate,public_date,pe_exi,ps,ptb,TICKER
17778,20081231,20090930,20100131,34.748,1.147,0.848,BRK
17778,20091231,20091231,20100228,23.146,1.127,0.845,BRK
17778,20091231,20091231,20100331,23.475,1.118,0.837,BRK
19393,20081231,20090930,20100131,13.763,2.276,2.872,BMY
19393,20091231,20091231,20100228,15.037,2.234,2.825,BMY
19393,20091231,20091231,20100331,16.38,2.439,3.084,BMY
19393,20091231,20091231,20100430,15.528,2.314,2.926,BMY
19393,20091231,20100331,20100531,13.416,2.069,2.617,BMY
19393,20091231,20100331,20100630,14.416,2.223,2.813,BMY
19393,20091231,20100331,20100731,14.405,2.215,2.802,BMY
19393,20091231,20100630,20100831,14.33,2.306,2.854,BMY
19393,20091231,20100630,20100930,14.896,2.397,2.967,BMY
19393,20091231,20100630,20101031,14.78,2.374,2.939,BMY
19393,20091231,20100930,20101130,13.146,2.226,2.705,BMY
19393,20091231,20100930,20101231,13.792,2.336,2.838,BMY
19393,20091231,20100930,20110131,13.115,2.221,2.699,BMY
19393,20101231,20101231,20110228,14.339,2.255,2.787,BMY
19393,20101231,20101231,20110331,14.683,2.312,2.858,BMY
19393,20101231,20101231,20110430,15.611,2.46,3.04,BMY
19393,20101231,20110331,20110531,14.902,2.492,3.067,BMY
19393,20101231,20110331,20110630,15.005,2.509,3.088,BMY
19393,20101231,20110331,20110731,14.85,2.483,3.056,BMY
19393,20101231,20110630,20110831,15.415,2.493,3.103,BMY
19393,20101231,20110630,20110930,16.259,2.63,3.273,BMY
19393,20101231,20110630,20111031,16.368,2.63,3.273,BMY
19393,20101231,20110930,20111130,16.866,2.653,3.346,BMY
19393,20101231,20110930,20111231,18.165,2.857,3.603,BMY
19393,20101231,20110930,20120131,16.619,2.614,3.297,BMY
19393,20111231,20111231,20120229,14.894,2.556,3.381,BMY
19393,20111231,20111231,20120331,15.625,2.681,3.546,BMY
19393,20111231,20111231,20120430,15.449,2.653,3.509,BMY
19393,20111231,20120331,20120531,15.018,2.621,3.447,BMY
19393,20111231,20120331,20120630,16.194,2.826,3.717,BMY
19393,20111231,20120331,20120731,16.036,2.782,3.659,BMY
19393,20111231,20120630,20120831,15.87,2.705,3.443,BMY
19393,20111231,20120630,20120930,16.226,2.765,3.52,BMY
19393,20111231,20120630,20121031,15.986,2.678,3.409,BMY
19393,20111231,20120930,20121130,29.396,2.852,3.677,BMY
19393,20111231,20120930,20121231,29.36,2.849,3.673,BMY
19393,20111231,20120930,20130131,32.559,3.159,4.073,BMY
19393,20121231,20121231,20130228,31.871,3.435,4.322,BMY
19393,20121231,20121231,20130331,35.509,3.84,4.832,BMY
19393,20121231,20121231,20130430,34.241,3.703,4.658,BMY
19393,20121231,20130331,20130531,52.284,4.665,5.348,BMY
19393,20121231,20130331,20130630,50.784,4.531,5.194,BMY
19393,20121231,20130331,20130731,49.136,4.394,5.037,BMY
19393,20121231,20130630,20130831,50.841,4.342,4.519,BMY
19393,20121231,20130630,20130930,56.439,4.82,5.016,BMY
19393,20121231,20130630,20131031,64.049,5.471,5.693,BMY
19393,20121231,20130930,20131130,30.766,5.243,5.413,BMY
19393,20121231,20130930,20131231,31.826,5.424,5.599,BMY
19393,20121231,20130930,20140131,29.922,5.099,5.264,BMY
19393,20131231,20131231,20140228,34.916,5.416,5.827,BMY
19393,20131231,20131231,20140331,33.734,5.254,5.653,BMY
19393,20131231,20131231,20140430,32.526,5.066,5.451,BMY
19393,20131231,20140331,20140531,28.586,5.037,5.3,BMY
19393,20131231,20140331,20140630,27.879,4.912,5.169,BMY
19393,20131231,20140331,20140731,29.092,5.128,5.397,BMY
19393,20131231,20140630,20140831,31.265,5.182,5.457,BMY
19393,20131231,20140630,20140930,31.593,5.236,5.514,BMY
19393,20131231,20140630,20141031,35.92,5.956,6.272,BMY
19393,20131231,20140930,20141130,36.227,6.098,6.429,BMY
19393,20131231,20140930,20141231,36.215,6.096,6.427,BMY
19393,20131231,20140930,20150131,36.975,6.224,6.562,BMY
19393,20141231,20141231,20150228,50.767,6.377,6.79,BMY
19393,20141231,20141231,20150331,53.75,6.77,7.209,BMY
19393,20141231,20141231,20150430,53.108,6.69,7.124,BMY
19393,20141231,20150331,20150531,47.852,6.685,6.927,BMY
19393,20141231,20150331,20150630,49.289,6.886,7.135,BMY
19393,20141231,20150331,20150731,48.622,6.795,7.041,BMY
19393,20141231,20150630,20150831,55.579,6.053,6.557,BMY
19393,20141231,20150630,20150930,55.327,6.026,6.528,BMY
19393,20141231,20150630,20151031,61.636,6.716,7.275,BMY
19393,20141231,20150930,20151130,63.217,6.763,7.414,BMY
19393,20141231,20150930,20151231,64.896,6.942,7.611,BMY
19393,20141231,20150930,20160131,58.642,6.273,6.877,BMY
19393,20151231,20151231,20160229,66.591,6.243,7.232,BMY
19393,20151231,20151231,20160331,68.688,6.452,7.473,BMY
19393,20151231,20151231,20160430,77.613,7.276,8.428,BMY
19393,20151231,20160331,20160531,77.097,7.078,8.32,BMY
19393,20151231,20160331,20160630,79.086,7.261,8.535,BMY
19393,20151231,20160331,20160731,80.441,7.392,8.689,BMY
19393,20151231,20160630,20160831,33.561,5.443,6.428,BMY
19393,20151231,20160630,20160930,31.532,5.114,6.039,BMY
19393,20151231,20160630,20161031,29.772,4.829,5.703,BMY
19393,20151231,20160930,20161130,28.22,5.107,6.041,BMY
19393,20151231,20160930,20161231,29.22,5.288,6.255,BMY
19393,20151231,20160930,20170131,24.58,4.448,5.262,BMY
19393,20161231,20161231,20170228,21.4,4.883,5.847,BMY
19393,20161231,20161231,20170331,20.521,4.612,5.522,BMY
19393,20161231,20161231,20170430,21.151,4.753,5.691,BMY
19393,20161231,20170331,20170531,18.733,4.452,6.165,BMY
19393,20161231,20170331,20170630,19.347,4.598,6.368,BMY
19393,20161231,20170331,20170731,19.757,4.674,6.473,BMY
19393,20161231,20170630,20170831,21.993,4.901,6.748,BMY
19393,20161231,20170630,20170930,23.178,5.165,7.111,BMY
19393,20161231,20170630,20171031,22.422,4.987,6.866,BMY
19393,20161231,20170930,20171130,24.78,5.028,6.996,BMY
19393,20161231,20170930,20171231,24.031,4.876,6.785,BMY
19393,20161231,20170930,20180131,24.549,4.981,6.931,BMY
19393,20171231,20171231,20180228,108.525,5.202,9.17,BMY
19393,20171231,20171231,20180331,103.689,4.978,8.774,BMY
19393,20171231,20171231,20180430,85.459,4.101,7.23,BMY
19393,20171231,20180331,20180531,93.964,4.088,6.723,BMY
19393,20171231,20180331,20180630,98.821,4.299,7.071,BMY
19393,20171231,20180331,20180731,104.911,4.557,7.494,BMY
19393,20171231,20180630,20180831,275.227,4.575,8.022,BMY
19393,20171231,20180630,20180930,282.182,4.69,8.225,BMY
19393,20171231,20180630,20181031,229.727,3.819,6.697,BMY
19393,20171231,20180930,20181130,60.75,3.96,6.397,BMY
19393,20171231,20180930,20181231,59.068,3.85,6.22,BMY
19393,20171231,20180930,20190131,56.102,3.657,5.909,BMY
19393,20181231,20181231,20190228,17.163,3.738,6.004,BMY
19393,20181231,20181231,20190331,15.85,3.452,5.544,BMY
19393,20181231,20181231,20190430,15.425,3.366,5.406,BMY
19393,20181231,20190331,20190531,14.449,3.187,4.877,BMY
19393,20181231,20190331,20190630,14.443,3.185,4.874,BMY
19393,20181231,20190331,20190731,14.143,3.119,4.774,BMY
19393,20181231,20190630,20190831,12.683,3.296,4.899,BMY
19393,20181231,20190630,20190930,13.38,3.477,5.169,BMY
19393,20181231,20190630,20191031,15.137,3.918,5.824,BMY
19393,20181231,20190930,20191130,16.457,5.522,7.563,BMY
19393,20181231,20190930,20191231,18.552,6.225,8.526,BMY
19561,20081231,20090930,20100131,-908,0.699,,BA
19561,20091231,20091231,20100228,33.775,0.7,22.467,BA
19561,20091231,20091231,20100331,38.829,0.805,21.885,BA
19561,20091231,20091231,20100430,38.733,0.805,25.835,BA
19561,20091231,20100331,20100531,38.663,0.727,16.558,BA
19561,20091231,20100331,20100630,37.801,0.711,16.19,BA
19561,20091231,20100331,20100731,41.048,0.744,16.947,BA
19561,20091231,20100630,20100831,46.664,0.684,14.536,BA
19561,20091231,20100630,20100930,50.794,0.744,15.823,BA
19561,20091231,20100630,20101031,53.924,0.792,16.841,BA
19561,20091231,20100930,20101130,13.685,0.712,10.503,BA
19561,20091231,20100930,20101231,14.004,0.729,10.748,BA
19561,20091231,20100930,20110131,14.91,0.776,11.443,BA
19561,20101231,20101231,20110228,16.146,0.825,19.169,BA
19561,20101231,20101231,20110331,16.576,0.847,19.701,BA
19561,20101231,20101231,20110430,17.888,0.916,21.294,BA
19561,20101231,20110331,20110531,17.263,0.9,14.726,BA
19561,20101231,20110331,20110630,16.356,0.853,13.952,BA
19561,20101231,20110331,20110731,15.591,0.816,13.35,BA
19561,20101231,20110630,20110831,14.165,0.763,10.469,BA
19561,20101231,20110630,20110930,12.82,0.69,9.475,BA
19561,20101231,20110630,20111031,13.939,0.753,10.331,BA
19561,20101231,20110930,20111130,13.602,0.777,8.556,BA
19561,20101231,20110930,20111231,14.525,0.829,9.136,BA
19561,20101231,20110930,20120131,14.689,0.839,9.24,BA
19561,20111231,20111231,20120229,14.062,0.813,15.901,BA
19561,20111231,20111231,20120331,13.953,0.809,15.823,BA
19561,20111231,20111231,20120430,14.409,0.837,16.366,BA
19561,20111231,20120331,20120531,12.085,0.712,10.372,BA
19561,20111231,20120331,20120630,12.899,0.76,11.071,BA
19561,20111231,20120331,20120731,12.832,0.759,11.053,BA
19561,20111231,20120630,20120831,12.353,0.7,9.249,BA
19561,20111231,20120630,20120930,12.041,0.682,9.015,BA
19561,20111231,20120630,20121031,12.187,0.693,9.152,BA
19561,20111231,20120930,20121130,13.101,0.709,7.382,BA
19561,20111231,20120930,20121231,13.291,0.72,7.489,BA
19561,20111231,20120930,20130131,13.028,0.706,7.341,BA
19561,20121231,20121231,20130228,15.049,0.712,9.911,BA
19561,20121231,20121231,20130331,16.8,0.796,11.081,BA
19561,20121231,20121231,20130430,17.888,0.849,11.821,BA
19561,20121231,20130331,20130531,18.543,0.925,10.068,BA
19561,20121231,20130331,20130630,19.184,0.957,10.415,BA
19561,20121231,20130331,20130731,19.682,0.976,10.626,BA
19561,20121231,20130630,20130831,18.964,0.944,10.417,BA
19561,20121231,20130630,20130930,21.442,1.068,11.779,BA
19561,20121231,20130630,20131031,23.814,1.181,13.03,BA
19561,20121231,20130930,20131130,23.803,1.185,11.271,BA
19561,20121231,20130930,20131231,24.2,1.205,11.459,BA
19561,20121231,20130930,20140131,22.209,1.106,10.516,BA
19561,20131231,20131231,20140228,21.631,1.106,6.443,BA
19561,20131231,20131231,20140331,21.055,1.068,6.218,BA
19561,20131231,20131231,20140430,21.648,1.086,6.325,BA
19561,20131231,20140331,20140531,23.279,1.118,6.793,BA
19561,20131231,20140331,20140630,21.898,1.052,6.39,BA
19561,20131231,20140331,20140731,20.737,0.984,5.979,BA
19561,20131231,20140630,20140831,19.154,1.033,6.498,BA
19561,20131231,20140630,20140930,19.242,1.038,6.528,BA
19561,20131231,20140630,20141031,18.869,1.007,6.333,BA
19561,20131231,20140930,20141130,19.277,1.063,6.601,BA
19561,20131231,20140930,20141231,18.648,1.029,6.386,BA
19561,20131231,20140930,20150131,20.857,1.151,7.142,BA
19561,20141231,20141231,20150228,20.44,1.171,12.263,BA
19561,20141231,20141231,20150331,20.336,1.157,12.121,BA
19561,20141231,20141231,20150430,19.423,1.092,11.439,BA
19561,20141231,20150331,20150531,17.587,1.051,12.291,BA
19561,20141231,20150331,20150630,17.362,1.038,12.133,BA
19561,20141231,20150331,20150731,18.044,1.06,12.391,BA
19561,20141231,20150630,20150831,17.804,0.935,14.176,BA
19561,20141231,20150630,20150930,17.841,0.937,14.205,BA
19561,20141231,20150630,20151031,20.173,1.045,15.837,BA
19561,20141231,20150930,20151130,18.319,1.005,14.458,BA
19561,20141231,20150930,20151231,18.21,0.999,14.373,BA
19561,20141231,20150930,20160131,15.13,0.83,11.941,BA
19561,20151231,20151231,20160229,15.884,0.815,8.972,BA
19561,20151231,20151231,20160331,17.062,0.86,9.47,BA
19561,20151231,20151231,20160430,18.118,0.893,9.839,BA
19561,20151231,20160331,20160531,17.047,0.832,12.675,BA
19561,20151231,20160331,20160630,17.55,0.856,13.049,BA
19561,20151231,20160331,20160731,18.062,0.863,13.152,BA
19561,20151231,20160630,20160831,23.579,0.834,26.855,BA
19561,20151231,20160630,20160930,23.996,0.849,27.331,BA
19561,20151231,20160630,20161031,25.944,0.908,29.233,BA
19561,20151231,20160930,20161130,22.986,0.98,21.609,BA
19561,20151231,20160930,20161231,23.768,1.013,22.344,BA
19561,20151231,20160930,20170131,24.95,1.063,23.455,BA
19561,20161231,20161231,20170228,23.683,1.167,51.224,BA
19561,20161231,20161231,20170331,23.24,1.137,49.905,BA
19561,20161231,20161231,20170430,24.288,1.18,51.768,BA
19561,20161231,20170331,20170531,22.444,1.206,68.168,BA
19561,20161231,20170331,20170630,23.654,1.271,70.597,BA
19561,20161231,20170331,20170731,29.002,1.526,76.034,BA
19561,20161231,20170630,20170831,20.66,1.536,65.735,BA
19561,20161231,20170630,20170930,21.915,1.63,64.306,BA
19561,20161231,20170630,20171031,22.24,1.667,63.959,BA
19561,20161231,20170930,20171130,25.209,1.782,41.526,BA
19561,20161231,20170930,20171231,26.859,1.898,44.242,BA
19561,20161231,20170930,20180131,32.274,2.281,53.163,BA
19561,20171231,20171231,20180228,26.97,2.282,71.456,BA
19561,20171231,20171231,20180331,24.414,2.062,67.304,BA
19561,20171231,20171231,20180430,24.837,2.081,60.919,BA
19561,20171231,20180331,20180531,22.72,2.15,63.656,BA
19561,20171231,20180331,20180630,21.646,2.048,60.646,BA
19561,20171231,20180331,20180731,22.987,2.145,63.511,BA
19561,20171231,20180630,20180831,20.953,2.038,57.613,BA
19561,20171231,20180630,20180930,22.732,2.211,72.494,BA
19561,20171231,20180630,20181031,21.691,2.085,64.212,BA
19561,20171231,20180930,20181130,19.883,2.019,58.418,BA
19561,20171231,20180930,20181231,18.492,1.877,61.741,BA
19561,20171231,20180930,20190131,22.111,2.245,69.896,BA
19561,20181231,20181231,20190228,24.648,2.458,45.538,BA
19561,20181231,20181231,20190331,21.368,2.129,43.615,BA
19561,20181231,20181231,20190430,21.159,2.101,45.42,BA
19561,20181231,20190331,20190531,19.543,1.909,46.495,BA
19561,20181231,20190331,20190630,20.824,2.035,51.088,BA
19561,20181231,20190331,20190731,19.518,1.907,57.026,BA
19561,20181231,20190630,20190831,42.336,2.096,44.561,BA
19561,20181231,20190630,20190930,44.241,2.19,44.444,BA
19561,20181231,20190630,20191031,39.524,1.957,48.148,BA
19561,20181231,20190930,20191130,55.566,2.225,48.316,BA
19561,20181231,20190930,20191231,49.432,1.979,54.114,BA
39693,20081231,20090930,20100131,31.451,0.841,1.31,B
39693,20091231,20091231,20100228,22.306,0.853,1.251,B
39693,20091231,20091231,20100331,27.014,1.033,1.516,B
39693,20091231,20091231,20100430,28.889,1.107,1.623,B
39693,20091231,20100331,20100531,26.366,0.981,1.502,B
39693,20091231,20100331,20100630,23.085,0.859,1.315,B
39693,20091231,20100331,20100731,25.887,0.963,1.475,B
39693,20091231,20100630,20100831,19.5,0.776,1.231,B
39693,20091231,20100630,20100930,22.551,0.897,1.424,B
39693,20091231,20100630,20101031,23.321,0.924,1.467,B
39693,20091231,20100930,20101130,22.198,0.944,1.438,B
39693,20091231,20100930,20101231,24.035,1.022,1.557,B
39693,20091231,20100930,20110131,23.047,0.98,1.493,B
39693,20101231,20101231,20110228,22.4,1.02,1.577,B
39693,20101231,20101231,20110331,21.979,1.002,1.549,B
39693,20101231,20101231,20110430,26.042,1.189,1.838,B
39693,20101231,20110331,20110531,21.918,1.147,1.74,B
39693,20101231,20110331,20110630,22.555,1.18,1.79,B
39693,20101231,20110331,20110731,22.136,1.184,1.795,B
39693,20101231,20110630,20110831,18.416,1.104,1.577,B
39693,20101231,20110630,20110930,15.4,0.923,1.319,B
39693,20101231,20110630,20111031,18.616,1.097,1.568,B
39693,20101231,20110930,20111130,17.542,1.166,1.74,B
39693,20101231,20110930,20111231,16.979,1.129,1.684,B
39693,20101231,20110930,20120131,17.81,1.184,1.767,B
39693,20111231,20111231,20120229,16.89,1.291,2.031,B
39693,20111231,20111231,20120331,16.043,1.22,1.92,B
39693,20111231,20111231,20120430,16.098,1.225,1.927,B
39693,20111231,20120331,20120531,14.544,1.145,1.684,B
39693,20111231,20120331,20120630,15.181,1.195,1.758,B
39693,20111231,20120331,20120731,14.913,1.168,1.718,B
39693,20111231,20120630,20120831,15.37,1.252,1.725,B
39693,20111231,20120630,20120930,16.24,1.323,1.822,B
39693,20111231,20120630,20121031,14.857,1.214,1.672,B
39693,20111231,20120930,20121130,15.064,1.196,1.364,B
39693,20111231,20120930,20121231,16.043,1.274,1.453,B
39693,20111231,20120930,20130131,17.071,1.356,1.546,B
39693,20121231,20121231,20130228,14.949,1.175,1.703,B
39693,20121231,20121231,20130331,16.253,1.275,1.848,B
39693,20121231,20121231,20130430,15.601,1.213,1.758,B
39693,20121231,20130331,20130531,21.282,1.675,1.919,B
39693,20121231,20130331,20130630,21.12,1.662,1.905,B
39693,20121231,20130331,20130731,23.239,1.785,2.045,B
39693,20121231,20130630,20130831,25.218,1.605,1.604,B
39693,20121231,20130630,20130930,28.161,1.792,1.791,B
39693,20121231,20130630,20131031,28.661,1.824,1.823,B
39693,20121231,20130930,20131130,27.444,1.819,1.808,B
39693,20121231,20130930,20131231,28.805,1.909,1.898,B
39693,20121231,20130930,20140131,28.15,1.866,1.854,B
39693,20131231,20131231,20140228,29.351,1.911,1.688,B
39693,20131231,20131231,20140331,29.366,1.907,1.684,B
39693,20131231,20131231,20140430,29.405,1.913,1.689,B
39693,20131231,20140331,20140531,25.958,1.777,1.634,B
39693,20131231,20140331,20140630,26.764,1.832,1.685,B
39693,20131231,20140331,20140731,23.785,1.633,1.501,B
39693,20131231,20140630,20140831,18.917,1.558,1.474,B
39693,20131231,20140630,20140930,16.768,1.381,1.307,B
39693,20131231,20140630,20141031,20.199,1.666,1.576,B
39693,20131231,20140930,20141130,18.005,1.609,1.608,B
39693,20131231,20140930,20141231,18.142,1.621,1.62,B
39693,20131231,20140930,20150131,16.838,1.505,1.503,B
39693,20141231,20141231,20150228,18.528,1.732,1.85,B
39693,20141231,20141231,20150331,18.745,1.758,1.877,B
39693,20141231,20141231,20150430,18.565,1.741,1.859,B
39693,20141231,20150331,20150531,17.658,1.764,1.884,B
39693,20141231,20150331,20150630,17.101,1.708,1.825,B
39693,20141231,20150331,20150731,17.075,1.703,1.819,B
39693,20141231,20150630,20150831,16.369,1.699,1.73,B
39693,20141231,20150630,20150930,15.275,1.586,1.614,B
39693,20141231,20150630,20151031,15.928,1.66,1.69,B
39693,20141231,20150930,20151130,16.462,1.738,1.717,B
39693,20141231,20150930,20151231,15.124,1.596,1.578,B
39693,20141231,20150930,20160131,13.893,1.466,1.449,B
39693,20151231,20151231,20160229,15.667,1.549,1.554,B
39693,20151231,20151231,20160331,15.995,1.575,1.58,B
39693,20151231,20151231,20160430,14.836,1.461,1.466,B
39693,20151231,20160331,20160531,15.247,1.517,1.457,B
39693,20151231,20160331,20160630,15.123,1.505,1.445,B
39693,20151231,20160331,20160731,17.32,1.728,1.66,B
39693,20151231,20160630,20160831,18.877,1.897,1.794,B
39693,20151231,20160630,20160930,18.516,1.861,1.76,B
39693,20151231,20160630,20161031,18.192,1.827,1.728,B
39693,20151231,20160930,20161130,20.533,2.083,1.944,B
39693,20151231,20160930,20161231,21.076,2.138,1.995,B
39693,20151231,20160930,20170131,21.391,2.17,2.025,B
39693,20161231,20161231,20170228,20.206,2.191,2.184,B
39693,20161231,20161231,20170331,20.702,2.241,2.234,B
39693,20161231,20161231,20170430,22.165,2.4,2.392,B
39693,20161231,20170331,20170531,21.355,2.367,2.367,B
39693,20161231,20170331,20170630,22.087,2.449,2.448,B
39693,20161231,20170331,20170731,22.709,2.523,2.523,B
39693,20161231,20170630,20170831,21.86,2.508,2.468,B
39693,20161231,20170630,20170930,24.629,2.826,2.78,B
39693,20161231,20170630,20171031,22.759,2.6,2.558,B
39693,20161231,20170930,20171130,23.335,2.56,2.548,B
39693,20161231,20170930,20171231,22.278,2.444,2.433,B
39693,20161231,20170930,20180131,23.165,2.542,2.53,B
39693,20171231,20171231,20180228,55.33,2.235,2.407,B
39693,20171231,20171231,20180331,54.945,2.213,2.384,B
39693,20171231,20171231,20180430,50.945,2.033,2.189,B
39693,20171231,20180331,20180531,54.514,2.138,2.28,B
39693,20171231,20180331,20180630,54.037,2.12,2.26,B
39693,20171231,20180331,20180731,62.248,2.377,2.534,B
39693,20171231,20180630,20180831,56.717,2.367,2.758,B
39693,20171231,20180630,20180930,59.192,2.47,2.878,B
39693,20171231,20180630,20181031,47.167,1.973,2.298,B
39693,20171231,20180930,20181130,46.192,2.075,2.423,B
39693,20171231,20180930,20181231,41.246,1.853,2.163,B
39693,20171231,20180930,20190131,45.446,2.041,2.384,B
39693,20181231,20181231,20190228,18.435,1.994,2.277,B
39693,20181231,20181231,20190331,16.321,1.766,2.017,B
39693,20181231,20181231,20190430,17.657,1.911,2.182,B
39693,20181231,20190331,20190531,16.792,1.765,2.001,B
39693,20181231,20190331,20190630,18.292,1.922,2.18,B
39693,20181231,20190331,20190731,16.896,1.749,1.984,B
39693,20181231,20190630,20190831,15.573,1.511,1.727,B
39693,20181231,20190630,20190930,17.896,1.737,1.985,B
39693,20181231,20190630,20191031,20.295,1.973,2.255,B
39693,20181231,20190930,20191130,19.599,1.994,2.299,B
39693,20181231,20190930,20191231,20.517,2.088,2.407,B
49656,20081231,20090930,20100131,-19.523,4.307,1.242,BK
49656,20091231,20091231,20100228,-30.667,4.162,1.16,BK
49656,20091231,20091231,20100331,-33.204,4.507,1.257,BK
49656,20091231,20091231,20100430,-33.473,4.561,1.271,BK
49656,20091231,20100331,20100531,-37.26,3.833,1.111,BK
49656,20091231,20100331,20100630,-33.822,3.479,1.009,BK
49656,20091231,20100331,20100731,-34.342,3.536,1.025,BK
49656,20091231,20100630,20100831,-59.171,3.283,0.969,BK
49656,20091231,20100630,20100930,-63.732,3.537,1.044,BK
49656,20091231,20100630,20101031,-61.122,3.466,1.023,BK
49656,20091231,20100930,20101130,12.553,2.404,1.041,BK
49656,20091231,20100930,20101231,14.047,2.69,1.165,BK
49656,20091231,20100930,20110131,14.526,2.784,1.206,BK
49656,20101231,20101231,20110228,14.403,2.606,1.08,BK
49656,20101231,20101231,20110331,14.156,2.561,1.061,BK
49656,20101231,20101231,20110430,13.725,2.483,1.029,BK
49656,20101231,20110331,20110531,13.322,2.368,1.05,BK
49656,20101231,20110331,20110630,12.142,2.158,0.957,BK
49656,20101231,20110331,20110731,11.9,2.1,0.931,BK
49656,20101231,20110630,20110831,9.659,1.667,0.753,BK
49656,20101231,20110630,20110930,8.687,1.499,0.677,BK
49656,20101231,20110630,20111031,9.944,1.688,0.762,BK
49656,20101231,20110930,20111130,9.009,1.515,0.7,BK
49656,20101231,20110930,20111231,9.218,1.55,0.717,BK
49656,20101231,20110930,20120131,9.319,1.564,0.723,BK
49656,20111231,20111231,20120229,10.892,1.748,0.74,BK
49656,20111231,20111231,20120331,11.887,1.908,0.808,BK
49656,20111231,20111231,20120430,11.65,1.851,0.784,BK
49656,20111231,20120331,20120531,9.883,1.594,0.714,BK
49656,20111231,20120331,20120630,10.655,1.719,0.77,BK
49656,20111231,20120331,20120731,10.33,1.65,0.739,BK
49656,20111231,20120630,20120831,12.184,1.777,0.782,BK
49656,20111231,20120630,20120930,12.227,1.783,0.785,BK
49656,20111231,20120630,20121031,13.357,1.927,0.848,BK
49656,20111231,20120930,20121130,12.404,1.872,0.795,BK
49656,20111231,20120930,20121231,13.316,2.01,0.854,BK
49656,20111231,20120930,20130131,14.073,2.115,0.898,BK
49656,20121231,20121231,20130228,13.369,2.09,0.814,BK
49656,20121231,20121231,20130331,13.788,2.155,0.839,BK
49656,20121231,20121231,20130430,13.901,2.171,0.846,BK
49656,20121231,20130331,20130531,23.123,2.323,1.008,BK
49656,20121231,20130331,20130630,21.577,2.167,0.94,BK
49656,20121231,20130331,20130731,24.192,2.409,1.045,BK
49656,20121231,20130630,20130831,18.358,2.227,0.997,BK
49656,20121231,20130630,20130930,18.636,2.26,1.012,BK
49656,20121231,20130630,20131031,19.63,2.377,1.064,BK
49656,20121231,20130930,20131130,18.415,2.508,1.093,BK
49656,20121231,20130930,20131231,19.093,2.601,1.134,BK
49656,20121231,20130930,20140131,17.464,2.366,1.031,BK
49656,20131231,20131231,20140228,18.391,2.37,0.918,BK
49656,20131231,20131231,20140331,20.282,2.618,1.014,BK
49656,20131231,20131231,20140430,19.466,2.52,0.976,BK
49656,20131231,20140331,20140531,13.606,2.56,1.082,BK
49656,20131231,20140331,20140630,14.756,2.776,1.173,BK
49656,20131231,20140331,20140731,15.37,2.869,1.213,BK
49656,20131231,20140630,20140831,17.035,2.93,1.206,BK
49656,20131231,20140630,20140930,16.839,2.897,1.192,BK
49656,20131231,20140630,20141031,16.835,2.881,1.186,BK
49656,20131231,20140930,20141130,16.61,2.979,1.222,BK
49656,20131231,20140930,20141231,16.834,3.019,1.238,BK
49656,20131231,20140930,20150131,14.938,2.661,1.091,BK
49656,20141231,20141231,20150228,18.205,2.878,1.132,BK
49656,20141231,20141231,20150331,18.716,2.949,1.16,BK
49656,20141231,20141231,20150430,19.693,3.122,1.228,BK
49656,20141231,20150331,20150531,19.186,3.168,1.36,BK
49656,20141231,20150331,20150630,18.571,3.066,1.316,BK
49656,20141231,20150331,20150731,19.204,3.173,1.362,BK
49656,20141231,20150630,20150831,15.857,2.847,1.233,BK
49656,20141231,20150630,20150930,15.598,2.801,1.213,BK
49656,20141231,20150630,20151031,16.594,2.943,1.274,BK
49656,20141231,20150930,20151130,18.978,3.097,1.345,BK
49656,20141231,20150930,20151231,17.844,2.912,1.265,BK
49656,20141231,20150930,20160131,15.68,2.541,1.104,BK
49656,20151231,20151231,20160229,13.059,2.457,0.995,BK
49656,20151231,20151231,20160331,13.59,2.558,1.036,BK
49656,20151231,20151231,20160430,14.849,2.797,1.133,BK
49656,20151231,20160331,20160531,15.184,2.928,1.262,BK
49656,20151231,20160331,20160630,14.025,2.705,1.165,BK
49656,20151231,20160331,20160731,14.224,2.743,1.182,BK
49656,20151231,20160630,20160831,14.935,2.886,1.236,BK
49656,20151231,20160630,20160930,14.294,2.762,1.183,BK
49656,20151231,20160630,20161031,15.509,2.968,1.271,BK
49656,20151231,20160930,20161130,16.075,3.217,1.387,BK
49656,20151231,20160930,20161231,16.061,3.214,1.386,BK
49656,20151231,20160930,20170131,15.163,3.006,1.296,BK
49656,20161231,20161231,20170228,14.965,3.12,1.283,BK
49656,20161231,20161231,20170331,14.994,3.121,1.283,BK
49656,20161231,20161231,20170430,14.94,3.122,1.284,BK
49656,20161231,20170331,20170531,14.498,3.094,1.377,BK
49656,20161231,20170331,20170630,15.698,3.35,1.49,BK
49656,20161231,20170331,20170731,16.317,3.459,1.539,BK
49656,20161231,20170630,20170831,15.513,3.35,1.483,BK
49656,20161231,20170630,20170930,15.733,3.398,1.504,BK
49656,20161231,20170630,20171031,15.267,3.268,1.446,BK
49656,20161231,20170930,20171130,16.053,3.416,1.516,BK
49656,20161231,20170930,20171231,15.795,3.361,1.491,BK
49656,20161231,20170930,20180131,16.628,3.502,1.554,BK
49656,20171231,20171231,20180228,15.331,3.465,1.414,BK
49656,20171231,20171231,20180331,13.852,3.124,1.275,BK
49656,20171231,20171231,20180430,14.653,3.315,1.353,BK
49656,20171231,20180331,20180531,13.688,3.209,1.449,BK
49656,20171231,20180331,20180630,13.483,3.16,1.427,BK
49656,20171231,20180331,20180731,13.368,3.1,1.4,BK
49656,20171231,20180630,20180831,12.536,2.923,1.374,BK
49656,20171231,20180630,20180930,12.257,2.858,1.343,BK
49656,20171231,20180630,20181031,11.377,2.623,1.233,BK
49656,20171231,20180930,20181130,11.988,2.769,1.334,BK
49656,20171231,20180930,20181231,10.998,2.54,1.224,BK
49656,20171231,20180930,20190131,12.224,2.742,1.322,BK
49656,20181231,20181231,20190228,12.99,2.608,1.266,BK
49656,20181231,20181231,20190331,12.483,2.506,1.216,BK
49656,20181231,20181231,20190430,12.292,2.475,1.201,BK
49656,20181231,20190331,20190531,11.031,2.091,1.085,BK
49656,20181231,20190331,20190630,11.408,2.162,1.122,BK
49656,20181231,20190331,20190731,12.124,2.262,1.174,BK
49656,20181231,20190630,20190831,10.925,1.996,1.044,BK
49656,20181231,20190630,20190930,11.743,2.146,1.122,BK
49656,20181231,20190630,20191031,12.143,2.171,1.135,BK
49656,20181231,20190930,20191130,12.719,2.244,1.202,BK
49656,20181231,20190930,20191231,13.073,2.306,1.235,BK
59176,20081231,20090930,20100131,31.124,1.677,3.22,AXP
59176,20091231,20091231,20100228,24.799,1.723,3.172,AXP
59176,20091231,20091231,20100331,26.792,1.859,3.421,AXP
59176,20091231,20091231,20100430,29.948,2.083,3.835,AXP
59176,20091231,20100331,20100531,20.446,1.761,3.568,AXP
59176,20091231,20100331,20100630,20.359,1.754,3.552,AXP
59176,20091231,20100331,20100731,22.892,1.973,3.997,AXP
59176,20091231,20100630,20100831,14.767,1.702,3.305,AXP
59176,20091231,20100630,20100930,15.567,1.794,3.485,AXP
59176,20091231,20100630,20101031,15.356,1.771,3.44,AXP
59176,20091231,20100930,20101130,14.124,1.781,3.268,AXP
59176,20091231,20100930,20101231,14.026,1.769,3.245,AXP
59176,20091231,20100930,20110131,14.176,1.788,3.28,AXP
59176,20101231,20101231,20110228,13.006,1.732,3.228,AXP
59176,20101231,20101231,20110331,13.493,1.797,3.348,AXP
59176,20101231,20101231,20110430,14.651,1.951,3.635,AXP
59176,20101231,20110331,20110531,14.373,2.036,3.548,AXP
59176,20101231,20110331,20110630,14.401,2.04,3.555,AXP
59176,20101231,20110331,20110731,13.939,1.959,3.415,AXP
59176,20101231,20110630,20110831,13.013,1.899,3.26,AXP
59176,20101231,20110630,20110930,11.754,1.715,2.944,AXP
59176,20101231,20110630,20111031,13.251,1.894,3.25,AXP
59176,20101231,20110930,20111130,12.131,1.754,3.083,AXP
59176,20101231,20110930,20111231,11.912,1.722,3.027,AXP
59176,20101231,20110930,20120131,12.662,1.835,3.224,AXP
59176,20111231,20111231,20120229,12.932,1.911,3.283,AXP
59176,20111231,20111231,20120331,14.147,2.094,3.597,AXP
59176,20111231,20111231,20120430,14.721,2.179,3.743,AXP
59176,20111231,20120331,20120531,13.356,1.958,3.228,AXP
59176,20111231,20120331,20120630,13.926,2.041,3.365,AXP
59176,20111231,20120331,20120731,13.806,2.003,3.302,AXP
59176,20111231,20120630,20120831,13.685,1.994,3.43,AXP
59176,20111231,20120630,20120930,13.347,1.945,3.346,AXP
59176,20111231,20120630,20121031,13.138,1.89,3.251,AXP
59176,20111231,20120930,20121130,12.94,1.872,3.212,AXP
59176,20111231,20120930,20121231,13.306,1.925,3.302,AXP
59176,20111231,20120930,20130131,13.613,1.945,3.336,AXP
59176,20121231,20121231,20130228,15.977,2.031,3.635,AXP
59176,20121231,20121231,20130331,17.342,2.199,3.936,AXP
59176,20121231,20121231,20130430,17.586,2.223,3.98,AXP
59176,20121231,20130331,20130531,19.167,2.445,4.312,AXP
59176,20121231,20130331,20130630,18.927,2.414,4.258,AXP
59176,20121231,20130331,20130731,18.676,2.339,4.126,AXP
59176,20121231,20130630,20130831,17.668,2.266,4.076,AXP
59176,20121231,20130630,20130930,18.555,2.379,4.281,AXP
59176,20121231,20130630,20131031,20.098,2.559,4.604,AXP
59176,20121231,20130930,20131130,20.284,2.656,4.783,AXP
59176,20121231,20130930,20131231,21.449,2.809,5.058,AXP
59176,20121231,20130930,20140131,20.099,2.614,4.708,AXP
59176,20131231,20131231,20140228,18.705,2.777,4.975,AXP
59176,20131231,20131231,20140331,18.449,2.731,4.893,AXP
59176,20131231,20131231,20140430,17.916,2.65,4.747,AXP
59176,20131231,20140331,20140531,18.083,2.756,4.849,AXP
59176,20131231,20140331,20140630,18.749,2.858,5.027,AXP
59176,20131231,20140331,20140731,17.391,2.621,4.61,AXP
59176,20131231,20140630,20140831,17.122,2.641,4.637,AXP
59176,20131231,20140630,20140930,16.738,2.582,4.533,AXP
59176,20131231,20140630,20141031,17.199,2.623,4.604,AXP
59176,20131231,20140930,20141130,17.178,2.7,4.73,AXP
59176,20131231,20140930,20141231,17.294,2.718,4.762,AXP
59176,20131231,20140930,20150131,14.998,2.331,4.083,AXP
59176,20141231,20141231,20150228,14.674,2.357,4.174,AXP
59176,20141231,20141231,20150331,14.05,2.249,3.982,AXP
59176,20141231,20141231,20150430,13.93,2.23,3.949,AXP
59176,20141231,20150331,20150531,13.986,2.319,3.71,AXP
59176,20141231,20150331,20150630,13.635,2.261,3.616,AXP
59176,20141231,20150331,20150731,13.344,2.181,3.489,AXP
59176,20141231,20150630,20150831,13.483,2.224,3.51,AXP
59176,20141231,20150630,20150930,13.028,2.148,3.392,AXP
59176,20141231,20150630,20151031,12.875,2.087,3.295,AXP
59176,20141231,20150930,20151130,12.931,2.049,3.305,AXP
59176,20141231,20150930,20151231,12.554,1.989,3.209,AXP
59176,20141231,20150930,20160131,9.657,1.506,2.43,AXP
59176,20151231,20151231,20160229,11.006,1.556,2.809,AXP
59176,20151231,20151231,20160331,12.158,1.708,3.085,AXP
59176,20151231,20151231,20160430,12.956,1.807,3.263,AXP
59176,20151231,20160331,20160531,13.126,1.766,3.017,AXP
59176,20151231,20160331,20160630,12.128,1.631,2.788,AXP
59176,20151231,20160331,20160731,12.866,1.681,2.873,AXP
59176,20151231,20160630,20160831,11.587,1.672,2.925,AXP
59176,20151231,20160630,20160930,11.314,1.633,2.856,AXP
59176,20151231,20160630,20161031,11.735,1.678,2.935,AXP
59176,20151231,20160930,20161130,12.796,1.799,3.137,AXP
59176,20151231,20160930,20161231,13.158,1.849,3.226,AXP
59176,20151231,20160930,20170131,13.567,1.907,3.326,AXP
59176,20161231,20161231,20170228,14.17,2.133,3.818,AXP
59176,20161231,20161231,20170331,14.002,2.105,3.767,AXP
59176,20161231,20161231,20170430,14.027,2.094,3.748,AXP
59176,20161231,20170331,20170531,14.015,1.861,3.285,AXP
59176,20161231,20170331,20170630,15.344,2.037,3.596,AXP
59176,20161231,20170331,20170731,15.525,2.039,3.599,AXP
59176,20161231,20170630,20170831,17.607,2.05,3.594,AXP
59176,20161231,20170630,20170930,18.499,2.153,3.776,AXP
59176,20161231,20170630,20171031,19.534,2.233,3.916,AXP
59176,20161231,20170930,20171130,18.827,2.233,4.022,AXP
59176,20161231,20170930,20171231,19.135,2.27,4.088,AXP
59176,20161231,20170930,20180131,19.152,2.272,4.092,AXP
59176,20171231,20171231,20180228,32.832,2.357,5.045,AXP
59176,20171231,20171231,20180331,31.407,2.255,4.826,AXP
59176,20171231,20171231,20180430,33.249,2.388,5.11,AXP
59176,20171231,20180331,20180531,28.743,2.105,4.312,AXP
59176,20171231,20180331,20180630,28.655,2.099,4.299,AXP
59176,20171231,20180331,20180731,29.099,2.133,4.369,AXP
59176,20171231,20180630,20180831,27.963,2.215,4.368,AXP
59176,20171231,20180630,20180930,28.098,2.226,4.389,AXP
59176,20171231,20180630,20181031,27.106,2.13,4.201,AXP
59176,20171231,20180930,20181130,26.923,2.269,4.469,AXP
59176,20171231,20180930,20181231,22.859,1.927,3.794,AXP
59176,20171231,20180930,20190131,24.628,2.058,4.053,AXP
59176,20181231,20181231,20190228,13.621,2.099,4.392,AXP
59176,20181231,20181231,20190331,13.818,2.118,4.431,AXP
59176,20181231,20181231,20190430,14.82,2.262,4.732,AXP
59176,20181231,20190331,20190531,14.631,2.167,4.311,AXP
59176,20181231,20190331,20190630,15.745,2.332,4.64,AXP
59176,20181231,20190331,20190731,15.864,2.334,4.644,AXP
59176,20181231,20190630,20190831,14.916,2.209,4.325,AXP
59176,20181231,20190630,20190930,14.657,2.17,4.25,AXP
59176,20181231,20190630,20191031,14.533,2.122,4.156,AXP
59176,20181231,20190930,20191130,14.525,2.129,4.269,AXP
59176,20181231,20190930,20191231,15.053,2.207,4.424,AXP
59408,20081231,20090930,20100131,-168.67,0.916,0.661,BAC
59408,20091231,20091231,20100228,-57.448,1.111,0.86,BAC
59408,20091231,20091231,20100331,-61.552,1.19,0.922,BAC
59408,20091231,20091231,20100430,-61.483,1.189,0.921,BAC
59408,20091231,20100331,20100531,-62.96,1.103,0.745,BAC
59408,20091231,20100331,20100630,-57.48,1.007,0.681,BAC
59408,20091231,20100331,20100731,-56.16,0.984,0.665,BAC
59408,20091231,20100630,20100831,-40.194,0.907,0.581,BAC
59408,20091231,20100630,20100930,-42.266,0.954,0.611,BAC
59408,20091231,20100630,20101031,-36.932,0.834,0.534,BAC
59408,20091231,20100930,20101130,-13.519,0.805,0.52,BAC
59408,20091231,20100930,20101231,-16.469,0.981,0.633,BAC
59408,20091231,20100930,20110131,-16.951,1.01,0.652,BAC
59408,20101231,20101231,20110228,-38.622,1.078,0.683,BAC
59408,20101231,20101231,20110331,-36.027,1.005,0.637,BAC
59408,20101231,20101231,20110430,-33.189,0.927,0.588,BAC
59408,20101231,20110331,20110531,-23.98,0.925,0.556,BAC
59408,20101231,20110331,20110630,-22.367,0.863,0.518,BAC
59408,20101231,20110331,20110731,-19.816,0.764,0.459,BAC
59408,20101231,20110630,20110831,-4.922,0.659,0.403,BAC
59408,20101231,20110630,20110930,-3.687,0.494,0.302,BAC
59408,20101231,20110630,20111031,-4.114,0.551,0.337,BAC
59408,20101231,20110930,20111130,-17.548,0.434,0.262,BAC
59408,20101231,20110930,20111231,-17.935,0.444,0.267,BAC
59408,20101231,20110930,20120131,-23,0.592,0.356,BAC
59408,20111231,20111231,20120229,363.333,0.658,0.404,BAC
59408,20111231,20111231,20120331,370,0.793,0.487,BAC
59408,20111231,20111231,20120430,338.9,0.673,0.413,BAC
59408,20111231,20120331,20120531,-45.938,0.638,0.371,BAC
59408,20111231,20120331,20120630,-51.125,0.71,0.412,BAC
59408,20111231,20120331,20120731,-45.875,0.637,0.37,BAC
59408,20111231,20120630,20120831,8.591,0.728,0.396,BAC
59408,20111231,20120630,20120930,9.495,0.804,0.438,BAC
59408,20111231,20120630,20121031,10.022,0.849,0.462,BAC
59408,20111231,20120930,20121130,26.649,0.975,0.483,BAC
59408,20111231,20120930,20121231,31.378,1.148,0.569,BAC
59408,20111231,20120930,20130131,30.595,1.12,0.555,BAC
59408,20121231,20121231,20130228,44.92,1.219,0.557,BAC
59408,20121231,20121231,20130331,48.72,1.322,0.604,BAC
59408,20121231,20121231,20130430,49.24,1.336,0.611,BAC
59408,20121231,20130331,20130531,42.688,1.481,0.674,BAC
59408,20121231,20130331,20130630,40.188,1.394,0.634,BAC
59408,20121231,20130331,20130731,45.625,1.577,0.718,BAC
59408,20121231,20130630,20130831,31.378,1.532,0.7,BAC
59408,20121231,20130630,20130930,30.667,1.497,0.684,BAC
59408,20121231,20130630,20131031,31.044,1.505,0.687,BAC
59408,20121231,20130930,20131130,24.719,1.701,0.771,BAC
59408,20121231,20130930,20131231,24.328,1.674,0.758,BAC
59408,20121231,20130930,20140131,26.172,1.788,0.81,BAC
59408,20131231,20131231,20140228,18.367,1.718,0.796,BAC
59408,20131231,20131231,20140331,19.111,1.781,0.826,BAC
59408,20131231,20131231,20140430,16.822,1.568,0.727,BAC
59408,20131231,20140331,20140531,19.921,1.584,0.729,BAC
59408,20131231,20140331,20140630,20.224,1.609,0.74,BAC
59408,20131231,20140331,20140731,20.066,1.596,0.734,BAC
59408,20131231,20140630,20140831,25.54,1.706,0.76,BAC
59408,20131231,20140630,20140930,27.063,1.808,0.806,BAC
59408,20131231,20140630,20141031,27.238,1.82,0.811,BAC
59408,20131231,20140930,20141130,43.692,1.822,0.81,BAC
59408,20131231,20140930,20141231,45.872,1.913,0.851,BAC
59408,20131231,20140930,20150131,38.846,1.62,0.72,BAC
59408,20141231,20141231,20150228,43.917,1.747,0.742,BAC
59408,20141231,20141231,20150331,42.75,1.701,0.722,BAC
59408,20141231,20141231,20150430,44.25,1.758,0.746,BAC
59408,20141231,20150331,20150531,25.385,1.859,0.76,BAC
59408,20141231,20150331,20150630,26.185,1.918,0.784,BAC
59408,20141231,20150331,20150731,27.508,2.009,0.821,BAC
59408,20141231,20150630,20150831,19,1.841,0.744,BAC
59408,20141231,20150630,20150930,18.116,1.756,0.709,BAC
59408,20141231,20150630,20151031,19.512,1.886,0.762,BAC
59408,20141231,20150930,20151130,13.617,1.967,0.777,BAC
59408,20141231,20150930,20151231,13.148,1.899,0.75,BAC
59408,20141231,20150930,20160131,11.047,1.591,0.628,BAC
59408,20151231,20151231,20160229,9.557,1.389,0.553,BAC
59408,20151231,20151231,20160331,10.321,1.5,0.597,BAC
59408,20151231,20151231,20160430,11.115,1.614,0.642,BAC
59408,20151231,20160331,20160531,11.037,1.627,0.637,BAC
59408,20151231,20160331,20160630,9.903,1.459,0.572,BAC
59408,20151231,20160331,20160731,10.813,1.585,0.621,BAC
59408,20151231,20160630,20160831,12.045,1.771,0.681,BAC
59408,20151231,20160630,20160930,11.679,1.717,0.66,BAC
59408,20151231,20160630,20161031,12.313,1.796,0.691,BAC
59408,20151231,20160930,20161130,15.304,2.281,0.872,BAC
59408,20151231,20160930,20161231,16.014,2.386,0.912,BAC
59408,20151231,20160930,20170131,16.406,2.432,0.929,BAC
59408,20161231,20161231,20170228,16.453,2.642,1.024,BAC
59408,20161231,20161231,20170331,15.727,2.522,0.977,BAC
59408,20161231,20161231,20170430,15.56,2.486,0.963,BAC
59408,20161231,20170331,20170531,13.5,2.341,0.918,BAC
59408,20161231,20170331,20170630,14.614,2.535,0.994,BAC
59408,20161231,20170331,20170731,14.53,2.494,0.978,BAC
59408,20161231,20170630,20170831,14.053,2.606,1.026,BAC
59408,20161231,20170630,20170930,14.906,2.765,1.088,BAC
59408,20161231,20170630,20171031,16.112,2.954,1.162,BAC
59408,20161231,20170930,20171130,16.097,2.998,1.175,BAC
59408,20161231,20170930,20171231,16.869,3.142,1.231,BAC
59408,20161231,20170930,20180131,18.286,3.359,1.316,BAC
59408,20171231,20171231,20180228,20.577,3.275,1.343,BAC
59408,20171231,20171231,20180331,19.224,3.053,1.252,BAC
59408,20171231,20171231,20180430,19.179,3.021,1.239,BAC
59408,20171231,20180331,20180531,16.884,2.875,1.219,BAC
59408,20171231,20180331,20180630,16.39,2.791,1.183,BAC
59408,20171231,20180331,20180731,17.953,3.012,1.277,BAC
59408,20171231,20180630,20180831,16.194,2.941,1.282,BAC
59408,20171231,20180630,20180930,15.424,2.801,1.221,BAC
59408,20171231,20180630,20181031,14.398,2.569,1.12,BAC
59408,20171231,20180930,20181130,13.46,2.597,1.162,BAC
59408,20171231,20180930,20181231,11.678,2.253,1.008,BAC
59408,20171231,20180930,20190131,13.493,2.565,1.148,BAC
59408,20181231,20181231,20190228,11.142,2.523,1.156,BAC
59408,20181231,20181231,20190331,10.571,2.389,1.094,BAC
59408,20181231,20181231,20190430,11.716,2.612,1.197,BAC
59408,20181231,20190331,20190531,9.888,2.253,1.034,BAC
59408,20181231,20190331,20190630,10.781,2.456,1.127,BAC
59408,20181231,20190331,20190731,11.405,2.544,1.167,BAC
59408,20181231,20190630,20190831,9.79,2.255,1.038,BAC
59408,20181231,20190630,20190930,10.381,2.391,1.101,BAC
59408,20181231,20190630,20191031,11.128,2.477,1.14,BAC
59408,20181231,20190930,20191130,12.295,2.618,1.224,BAC
59408,20181231,20190930,20191231,12.996,2.768,1.294,BAC
76841,20081231,20090930,20100131,18.034,3.42,2.155,BIIB
76841,20091231,20091231,20100228,16.421,3.454,2.34,BIIB
76841,20091231,20091231,20100331,17.131,3.501,2.371,BIIB
76841,20091231,20091231,20100430,15.907,3.25,2.202,BIIB
76841,20091231,20100331,20100531,14.373,2.846,2.056,BIIB
76841,20091231,20100331,20100630,14.379,2.58,1.864,BIIB
76841,20091231,20100331,20100731,16.933,3.038,2.195,BIIB
76841,20091231,20100630,20100831,13.724,2.848,2.42,BIIB
76841,20091231,20100630,20100930,14.316,2.927,2.487,BIIB
76841,20091231,20100630,20101031,15.997,3.271,2.779,BIIB
76841,20091231,20100930,20101130,15.953,3.296,2.929,BIIB
76841,20091231,20100930,20101231,16.721,3.493,3.103,BIIB
76841,20091231,20100930,20110131,16.327,3.411,3.03,BIIB
76841,20101231,20101231,20110228,17.36,3.494,2.944,BIIB
76841,20101231,20101231,20110331,18.647,3.764,3.172,BIIB
76841,20101231,20101231,20110430,24.784,5.003,4.216,BIIB
76841,20101231,20110331,20110531,21.727,4.758,3.931,BIIB
76841,20101231,20110331,20110630,24.523,5.39,4.454,BIIB
76841,20101231,20110331,20110731,23.365,5.136,4.243,BIIB
76841,20101231,20110630,20110831,21.312,4.753,3.701,BIIB
76841,20101231,20110630,20110930,21.075,4.707,3.665,BIIB
76841,20101231,20110630,20111031,26.326,5.88,4.578,BIIB
76841,20101231,20110930,20111130,23.948,5.651,4.318,BIIB
76841,20101231,20110930,20111231,22.927,5.317,4.062,BIIB
76841,20101231,20110930,20120131,24.573,5.699,4.354,BIIB
76841,20111231,20111231,20120229,23.109,5.507,4.166,BIIB
76841,20111231,20111231,20120331,25,5.979,4.523,BIIB
76841,20111231,20111231,20120430,26.589,6.359,4.81,BIIB
76841,20111231,20120331,20120531,25.738,6.097,4.724,BIIB
76841,20111231,20120331,20120630,28.421,6.642,5.147,BIIB
76841,20111231,20120331,20120731,28.707,6.709,5.198,BIIB
76841,20111231,20120630,20120831,26.604,6.476,5.289,BIIB
76841,20111231,20120630,20120930,27.08,6.599,5.389,BIIB
76841,20111231,20120630,20121031,25.084,6.113,4.992,BIIB
76841,20111231,20120930,20121130,25.929,6.502,5.105,BIIB
76841,20111231,20120930,20121231,25.456,6.383,5.012,BIIB
76841,20111231,20120930,20130131,27.144,6.799,5.338,BIIB
76841,20121231,20121231,20130228,28.878,7.126,5.476,BIIB
76841,20121231,20121231,20130331,33.441,8.288,6.369,BIIB
76841,20121231,20121231,20130430,38.009,9.421,7.239,BIIB
76841,20121231,20130331,20130531,37.697,9.996,7.521,BIIB
76841,20121231,20130331,20130630,34.159,9.069,6.824,BIIB
76841,20121231,20130331,20130731,34.624,9.193,6.916,BIIB
76841,20121231,20130630,20130831,31.559,8.52,6.163,BIIB
76841,20121231,20130630,20130930,35.668,9.571,6.923,BIIB
76841,20121231,20130630,20131031,36.176,9.707,7.022,BIIB
76841,20121231,20130930,20131130,40.867,10.766,8.155,BIIB
76841,20121231,20130930,20131231,39.266,10.349,7.84,BIIB
76841,20121231,20130930,20140131,43.91,11.576,8.77,BIIB
76841,20131231,20131231,20140228,43.621,11.617,9.097,BIIB
76841,20131231,20131231,20140331,39.164,10.466,8.195,BIIB
76841,20131231,20131231,20140430,36.763,9.824,7.693,BIIB
76841,20131231,20140331,20140531,39.673,9.907,8.113,BIIB
76841,20131231,20140331,20140630,39.169,9.737,7.974,BIIB
76841,20131231,20140331,20140731,41.539,10.326,8.457,BIIB
76841,20131231,20140630,20140831,38.116,9.707,8.351,BIIB
76841,20131231,20140630,20140930,36.757,9.362,8.054,BIIB
76841,20131231,20140630,20141031,35.676,9.086,7.817,BIIB
76841,20131231,20140930,20141130,29.137,8.048,6.908,BIIB
76841,20131231,20140930,20141231,32.145,8.821,7.572,BIIB
76841,20131231,20140930,20150131,36.852,10.113,8.681,BIIB
76841,20141231,20141231,20150228,33.112,9.903,8.849,BIIB
76841,20141231,20141231,20150331,34.134,10.236,9.146,BIIB
76841,20141231,20141231,20150430,30.229,9.065,8.1,BIIB
76841,20141231,20150331,20150531,28.643,9.22,7.916,BIIB
76841,20141231,20150331,20150630,29.144,9.379,8.052,BIIB
76841,20141231,20150331,20150731,23,7.402,6.355,BIIB
76841,20141231,20150630,20150831,20.115,6.789,5.5,BIIB
76841,20141231,20150630,20150930,19.744,6.316,5.117,BIIB
76841,20141231,20150630,20151031,19.656,6.288,5.094,BIIB
76841,20141231,20150930,20151130,18.737,6.052,5.971,BIIB
76841,20141231,20150930,20151231,20.01,6.341,6.255,BIIB
76841,20141231,20150930,20160131,17.835,5.652,5.576,BIIB
76841,20151231,20151231,20160229,16.911,5.27,5.973,BIIB
76841,20151231,20151231,20160331,16.97,5.298,6.004,BIIB
76841,20151231,20151231,20160430,17.926,5.596,6.342,BIIB
76841,20151231,20160331,20160531,17.797,5.804,6.076,BIIB
76841,20151231,20160331,20160630,14.854,4.845,5.073,BIIB
76841,20151231,20160331,20160731,17.809,5.809,6.083,BIIB
76841,20151231,20160630,20160831,17.842,5.959,5.819,BIIB
76841,20151231,20160630,20160930,18.274,6.06,5.918,BIIB
76841,20151231,20160630,20161031,16.356,5.424,5.297,BIIB
76841,20151231,20160930,20161130,16.624,5.605,5.237,BIIB
76841,20151231,20160930,20161231,16.031,5.363,5.012,BIIB
76841,20151231,20160930,20170131,15.672,5.244,4.901,BIIB
76841,20161231,20161231,20170228,17.047,5.444,5.095,BIIB
76841,20161231,20161231,20170331,16.15,5.066,4.741,BIIB
76841,20161231,20161231,20170430,16.019,5.025,4.703,BIIB
76841,20161231,20170331,20170531,15.534,4.557,4.541,BIIB
76841,20161231,20170331,20170630,17.013,4.975,4.957,BIIB
76841,20161231,20170331,20170731,18.156,5.309,5.29,BIIB
76841,20161231,20170630,20170831,20.799,5.712,5.727,BIIB
76841,20161231,20170630,20170930,20.573,5.651,5.666,BIIB
76841,20161231,20170630,20171031,20.477,5.625,5.64,BIIB
76841,20161231,20170930,20171130,19.777,5.755,5.248,BIIB
76841,20161231,20170930,20171231,19.556,5.691,5.19,BIIB
76841,20161231,20170930,20180131,21.351,6.215,5.668,BIIB
76841,20171231,20171231,20180228,24.244,4.981,4.801,BIIB
76841,20171231,20171231,20180331,22.971,4.707,4.537,BIIB
76841,20171231,20171231,20180430,22.953,4.704,4.533,BIIB
76841,20171231,20180331,20180531,21.012,4.925,4.032,BIIB
76841,20171231,20180331,20180630,20.746,4.642,3.8,BIIB
76841,20171231,20180331,20180731,23.901,5.348,4.378,BIIB
76841,20171231,20180630,20180831,25.052,5.532,5.305,BIIB
76841,20171231,20180630,20180930,25.04,5.53,5.304,BIIB
76841,20171231,20180630,20181031,21.564,4.763,4.568,BIIB
76841,20171231,20180930,20181130,21.642,5.081,4.518,BIIB
76841,20171231,20180930,20181231,19.515,4.484,3.988,BIIB
76841,20171231,20180930,20190131,21.646,4.974,4.423,BIIB
76841,20181231,20181231,20190228,15.2,4.796,4.397,BIIB
76841,20181231,20181231,20190331,10.954,3.407,3.123,BIIB
76841,20181231,20181231,20190430,10.623,3.304,3.029,BIIB
76841,20181231,20190331,20190531,9.448,3.078,2.731,BIIB
76841,20181231,20190331,20190630,10.076,3.123,2.77,BIIB
76841,20181231,20190331,20190731,10.246,3.176,2.817,BIIB
76841,20181231,20190630,20190831,8.178,2.88,2.64,BIIB
76841,20181231,20190630,20190930,8.665,2.985,2.736,BIIB
76841,20181231,20190630,20191031,11.117,3.83,3.511,BIIB
76841,20181231,20190930,20191130,10.677,3.801,3.217,BIIB
76841,20181231,20190930,20191231,10.567,3.762,3.184,BIIB
83443,20091231,20091231,20100430,22.241,0.635,0.476,BRK
83443,20091231,20100331,20100531,12.533,0.567,0.464,BRK
83443,20091231,20100331,20100630,14.156,0.641,0.524,BRK
83443,20091231,20100331,20100731,13.877,0.628,0.514,BRK
83443,20091231,20100630,20100831,15.743,0.646,0.555,BRK
83443,20091231,20100630,20100930,16.523,0.678,0.583,BRK
83443,20091231,20100630,20101031,15.899,0.653,0.561,BRK
83443,20091231,20100930,20101130,16.522,0.641,0.552,BRK
83443,20091231,20100930,20101231,16.611,0.644,0.555,BRK
83443,20091231,20100930,20110131,16.951,0.657,0.567,BRK
83443,20101231,20101231,20110228,16.499,0.684,0.479,BRK
83443,20101231,20101231,20110331,15.809,0.655,0.459,BRK
83443,20101231,20101231,20110430,15.747,0.653,0.457,BRK
83443,20101231,20110331,20110531,17.97,0.61,0.525,BRK
83443,20101231,20110331,20110630,17.589,0.597,0.513,BRK
83443,20101231,20110331,20110731,16.857,0.572,0.492,BRK
83443,20101231,20110630,20110831,14.659,0.54,0.478,BRK
83443,20101231,20110630,20110930,14.265,0.525,0.465,BRK
83443,20101231,20110630,20111031,15.635,0.576,0.51,BRK
83443,20101231,20110930,20111130,16.793,0.593,0.525,BRK
83443,20101231,20110930,20111231,16.269,0.574,0.509,BRK
83443,20101231,20110930,20120131,16.71,0.59,0.523,BRK
83443,20111231,20111231,20120229,18.949,0.586,0.417,BRK
83443,20111231,20111231,20120331,19.601,0.608,0.432,BRK
83443,20111231,20111231,20120430,19.432,0.603,0.428,BRK
83443,20111231,20120331,20120531,16.397,0.579,0.487,BRK
83443,20111231,20120331,20120630,17.217,0.608,0.512,BRK
83443,20111231,20120331,20120731,17.529,0.619,0.521,BRK
83443,20111231,20120630,20120831,17.907,0.618,0.517,BRK
83443,20111231,20120630,20120930,18.726,0.646,0.54,BRK
83443,20111231,20120630,20121031,18.333,0.633,0.529,BRK
83443,20111231,20120930,20121130,16.372,0.623,0.525,BRK
83443,20111231,20120930,20121231,16.673,0.634,0.534,BRK
83443,20111231,20120930,20130131,18.017,0.685,0.577,BRK
83443,20121231,20121231,20130228,17.084,0.692,0.485,BRK
83443,20121231,20121231,20130331,17.425,0.723,0.507,BRK
83443,20121231,20121231,20130430,17.779,0.738,0.517,BRK
83443,20121231,20130331,20130531,17.153,0.766,0.65,BRK
83443,20121231,20130331,20130630,16.83,0.752,0.638,BRK
83443,20121231,20130331,20130731,17.424,0.778,0.66,BRK
83443,20121231,20130630,20130831,15.341,0.743,0.64,BRK
83443,20121231,20130630,20130930,15.657,0.758,0.653,BRK
83443,20121231,20130630,20131031,15.874,0.769,0.663,BRK
83443,20121231,20130930,20131130,15.095,0.759,0.654,BRK
83443,20121231,20130930,20131231,15.358,0.772,0.666,BRK
83443,20121231,20130930,20140131,14.456,0.727,0.627,BRK
83443,20131231,20131231,20140228,14.656,0.743,0.485,BRK
83443,20131231,20131231,20140331,15.819,0.808,0.528,BRK
83443,20131231,20131231,20140430,16.31,0.834,0.544,BRK
83443,20131231,20140331,20140531,16.412,0.826,0.666,BRK
83443,20131231,20140331,20140630,16.184,0.814,0.657,BRK
83443,20131231,20140331,20140731,16.04,0.807,0.651,BRK
83443,20131231,20140630,20140831,16.015,0.88,0.71,BRK
83443,20131231,20140630,20140930,16.119,0.885,0.714,BRK
83443,20131231,20140630,20141031,16.355,0.898,0.725,BRK
83443,20131231,20140930,20141130,17.722,0.934,0.761,BRK
83443,20131231,20140930,20141231,17.896,0.943,0.769,BRK
83443,20131231,20140930,20150131,17.153,0.904,0.737,BRK
83443,20141231,20141231,20150228,18.289,0.921,0.593,BRK
83443,20141231,20141231,20150331,17.906,0.91,0.586,BRK
83443,20141231,20141231,20150430,17.52,0.89,0.574,BRK
83443,20141231,20150331,20150531,17.333,0.887,0.727,BRK
83443,20141231,20150331,20150630,16.498,0.845,0.692,BRK
83443,20141231,20150331,20150731,17.302,0.886,0.726,BRK
83443,20141231,20150630,20150831,18.412,0.838,0.68,BRK
83443,20141231,20150630,20150930,17.912,0.815,0.661,BRK
83443,20141231,20150630,20151031,18.684,0.85,0.69,BRK
83443,20141231,20150930,20151130,14.512,0.807,0.674,BRK
83443,20141231,20150930,20151231,14.29,0.794,0.664,BRK
83443,20141231,20150930,20160131,14.044,0.781,0.652,BRK
83443,20151231,20151231,20160229,13.733,0.797,0.528,BRK
83443,20151231,20151231,20160331,14.522,0.844,0.558,BRK
83443,20151231,20151231,20160430,14.89,0.865,0.573,BRK
83443,20151231,20160331,20160531,14.139,0.823,0.682,BRK
83443,20151231,20160331,20160630,14.566,0.847,0.703,BRK
83443,20151231,20160331,20160731,14.514,0.844,0.7,BRK
83443,20151231,20160630,20160831,14.554,0.888,0.734,BRK
83443,20151231,20160630,20160930,13.972,0.853,0.704,BRK
83443,20151231,20160630,20161031,13.956,0.852,0.704,BRK
83443,20151231,20160930,20161130,16.696,0.935,0.754,BRK
83443,20151231,20160930,20161231,17.283,0.968,0.78,BRK
83443,20151231,20160930,20170131,17.406,0.975,0.786,BRK
83443,20161231,20161231,20170228,17.564,1,0.621,BRK
83443,20161231,20161231,20170331,17.078,0.977,0.607,BRK
83443,20161231,20161231,20170430,16.927,0.968,0.601,BRK
83443,20161231,20170331,20170531,18.063,0.918,0.741,BRK
83443,20161231,20170331,20170630,18.51,0.94,0.76,BRK
83443,20161231,20170331,20170731,19.122,0.971,0.785,BRK
83443,20161231,20170630,20170831,20.493,1.008,0.804,BRK
83443,20161231,20170630,20170930,20.738,1.02,0.813,BRK
83443,20161231,20170630,20171031,21.147,1.04,0.829,BRK
83443,20161231,20170930,20171130,25.497,1.069,0.837,BRK
83443,20161231,20170930,20171231,26.185,1.098,0.86,BRK
83443,20161231,20170930,20180131,28.32,1.187,0.93,BRK
83443,20171231,20171231,20180228,11.372,1.15,0.689,BRK
83443,20171231,20171231,20180331,10.948,1.108,0.663,BRK
83443,20171231,20171231,20180430,10.633,1.076,0.644,BRK
83443,20171231,20180331,20180531,11.889,1.134,0.742,BRK
83443,20171231,20180331,20180630,11.586,1.105,0.723,BRK
83443,20171231,20180331,20180731,12.282,1.171,0.767,BRK
83443,20171231,20180630,20180831,10.843,1.196,0.796,BRK
83443,20171231,20180630,20180930,11.123,1.226,0.817,BRK
83443,20171231,20180630,20181031,10.664,1.176,0.783,BRK
83443,20171231,20180930,20181130,8.691,1.161,0.792,BRK
83443,20171231,20180930,20181231,8.131,1.086,0.741,BRK
83443,20171231,20180930,20190131,8.186,1.094,0.746,BRK
83443,20181231,20181231,20190228,123.497,1.226,0.692,BRK
83443,20181231,20181231,20190331,123.245,1.223,0.69,BRK
83443,20181231,20181231,20190430,132.951,1.319,0.745,BRK
83443,20181231,20190331,20190531,18.129,1.055,0.732,BRK
83443,20181231,20190331,20190630,19.575,1.14,0.791,BRK
83443,20181231,20190331,20190731,18.864,1.098,0.762,BRK
83443,20181231,20190630,20190831,17.297,1.08,0.737,BRK
83443,20181231,20190630,20190930,17.689,1.105,0.754,BRK
83443,20181231,20190630,20191031,18.077,1.129,0.77,BRK
83443,20181231,20190930,20191130,20.045,1.178,0.766,BRK
83443,20181231,20190930,20191231,20.61,1.211,0.788,BRK
86783,20081231,20090930,20100131,21.303,4.043,7.138,PCLN
86783,20091231,20091231,20100228,22.946,4.419,7.374,PCLN
86783,20091231,20091231,20100331,25.81,5.173,8.631,PCLN
86783,20091231,20091231,20100430,26.523,5.523,9.215,PCLN
86783,20091231,20100331,20100531,18.363,3.686,6.705,PCLN
86783,20091231,20100331,20100630,16.959,3.472,6.315,PCLN
86783,20091231,20100331,20100731,21.556,4.413,8.027,PCLN
86783,20091231,20100630,20100831,25.84,5.374,9.769,PCLN
86783,20091231,20100630,20100930,30.881,6.516,11.844,PCLN
86783,20091231,20100630,20101031,33.405,7.048,12.812,PCLN
86783,20091231,20100930,20101130,42.6,6.682,11.404,PCLN
86783,20091231,20100930,20101231,43.195,6.782,11.575,PCLN
86783,20091231,20100930,20110131,46.326,7.274,12.415,PCLN
86783,20101231,20101231,20110228,43.853,7.232,11.931,PCLN
86783,20101231,20101231,20110331,48.931,8.15,13.447,PCLN
86783,20101231,20101231,20110430,52.851,8.803,14.524,PCLN
86783,20101231,20110331,20110531,45.272,7.728,14.367,PCLN
86783,20101231,20110331,20110630,44.985,7.698,14.311,PCLN
86783,20101231,20110331,20110731,47.245,8.085,15.03,PCLN
86783,20101231,20110630,20110831,38.023,7.336,13.08,PCLN
86783,20101231,20110630,20110930,31.809,6.138,10.945,PCLN
86783,20101231,20110630,20111031,35.932,6.934,12.364,PCLN
86783,20101231,20110930,20111130,25.722,5.905,9.923,PCLN
86783,20101231,20110930,20111231,24.76,5.686,9.555,PCLN
86783,20101231,20110930,20120131,28.03,6.437,10.817,PCLN
86783,20111231,20111231,20120229,30.394,7.169,11.571,PCLN
86783,20111231,20111231,20120331,34.779,8.202,13.238,PCLN
86783,20111231,20111231,20120430,36.879,8.697,14.038,PCLN
86783,20111231,20120331,20120531,28.252,6.795,11.809,PCLN
86783,20111231,20120331,20120630,30.014,7.224,12.554,PCLN
86783,20111231,20120331,20120731,29.889,7.193,12.502,PCLN
86783,20111231,20120630,20120831,25.201,6.266,10.132,PCLN
86783,20111231,20120630,20120930,25.805,6.421,10.383,PCLN
86783,20111231,20120630,20121031,23.917,5.951,9.624,PCLN
86783,20111231,20120930,20121130,25.064,6.534,9.125,PCLN
86783,20111231,20120930,20121231,23.446,6.113,8.537,PCLN
86783,20111231,20120930,20130131,25.906,6.754,9.433,PCLN
86783,20121231,20121231,20130228,24.914,6.532,8.599,PCLN
86783,20121231,20121231,20130331,24.879,6.548,8.619,PCLN
86783,20121231,20121231,20130430,25.162,6.623,8.717,PCLN
86783,20121231,20130331,20130531,27.789,7.283,9.981,PCLN
86783,20121231,20130331,20130630,28.575,7.704,10.557,PCLN
86783,20121231,20130331,20130731,30.269,8.16,11.182,PCLN
86783,20121231,20130630,20130831,30.802,8.221,7.74,PCLN
86783,20121231,20130630,20130930,33.179,8.78,8.266,PCLN
86783,20121231,20130630,20131031,34.586,9.152,8.616,PCLN
86783,20121231,20130930,20131130,34.431,9.517,9.06,PCLN
86783,20121231,20130930,20131231,33.566,9.383,8.932,PCLN
86783,20121231,20130930,20140131,33.061,9.242,8.798,PCLN
86783,20131231,20131231,20140228,37.354,10.353,9.708,PCLN
86783,20131231,20131231,20140331,33.007,9.173,8.602,PCLN
86783,20131231,20131231,20140430,32.062,8.911,8.355,PCLN
86783,20131231,20140331,20140531,34.097,9.399,8.887,PCLN
86783,20131231,20140331,20140630,32.08,8.844,8.362,PCLN
86783,20131231,20140331,20140731,33.132,9.134,8.637,PCLN
86783,20131231,20140630,20140831,31.123,8.614,7.939,PCLN
86783,20131231,20140630,20140930,28.979,8.006,7.379,PCLN
86783,20131231,20140630,20141031,30.17,8.335,7.682,PCLN
86783,20131231,20140930,20141130,26.207,7.459,6.328,PCLN
86783,20131231,20140930,20141231,25.756,7.272,6.169,PCLN
86783,20131231,20140930,20150131,22.803,6.438,5.461,PCLN
86783,20141231,20141231,20150228,27.096,7.614,6.69,PCLN
86783,20141231,20141231,20150331,25.49,7.148,6.281,PCLN
86783,20141231,20141231,20150430,27.103,7.601,6.679,PCLN
86783,20141231,20150331,20150531,25.568,7.031,6.262,PCLN
86783,20141231,20150331,20150630,25.117,6.813,6.068,PCLN
86783,20141231,20150331,20150731,27.128,7.297,6.499,PCLN
86783,20141231,20150630,20150831,27.834,7.196,6.629,PCLN
86783,20141231,20150630,20150930,27.572,7.055,6.499,PCLN
86783,20141231,20150630,20151031,32.417,8.294,7.641,PCLN
86783,20141231,20150930,20151130,26.039,6.859,6.559,PCLN
86783,20141231,20150930,20151231,26.584,6.978,6.673,PCLN
86783,20141231,20150930,20160131,22.205,5.829,5.574,PCLN
86783,20151231,20151231,20160229,25.586,6.806,6.48,PCLN
86783,20151231,20151231,20160331,26.066,6.936,6.604,PCLN
86783,20151231,20151231,20160430,27.172,7.231,6.885,PCLN
86783,20151231,20160331,20160531,24.879,6.585,6.351,PCLN
86783,20151231,20160331,20160630,24.565,6.481,6.25,PCLN
86783,20151231,20160331,20160731,26.58,7.005,6.756,PCLN
86783,20151231,20160630,20160831,27.001,7.14,6.948,PCLN
86783,20151231,20160630,20160930,28.044,7.405,7.206,PCLN
86783,20151231,20160630,20161031,28.097,7.418,7.218,PCLN
86783,20151231,20160930,20161130,38.369,7.138,6.997,PCLN
86783,20151231,20160930,20161231,37.409,6.938,6.8,PCLN
86783,20151231,20160930,20170131,40.192,7.454,7.306,PCLN
86783,20161231,20161231,20170228,40.425,7.891,7.966,PCLN
86783,20161231,20161231,20170331,41.734,8.148,8.225,PCLN
86783,20161231,20161231,20170430,43.302,8.454,8.534,PCLN
86783,20161231,20170331,20170531,42.363,8.375,8.157,PCLN
86783,20161231,20170331,20170630,42.214,8.331,8.114,PCLN
86783,20161231,20170331,20170731,45.78,9.035,8.799,PCLN
86783,20161231,20170630,20170831,39.331,7.913,7.58,PCLN
86783,20161231,20170630,20170930,38.879,7.773,7.446,PCLN
86783,20161231,20170630,20171031,40.602,8.12,7.779,PCLN
86783,20161231,20170930,20171130,24.393,6.94,6.387,PCLN
86783,20161231,20170930,20171231,24.365,6.889,6.34,PCLN
86783,20161231,20170930,20180131,26.809,7.58,6.976,PCLN
86783,20171231,20171231,20180228,43.407,7.746,8.365,PCLN
86783,20171231,20171231,20180331,44.396,7.918,8.551,PCLN
86783,20171231,20171231,20180430,46.479,8.289,8.952,PCLN
86783,20171231,20180331,20180531,42.39,7.703,9.138,BKNG
86783,20171231,20180331,20180630,40.746,7.341,8.709,BKNG
86783,20171231,20180331,20180731,40.778,7.347,8.716,BKNG
86783,20171231,20180630,20180831,35.201,6.761,8.441,BKNG
86783,20171231,20180630,20180930,35.786,6.751,8.429,BKNG
86783,20171231,20180630,20181031,33.813,6.338,7.913,BKNG
86783,20171231,20180930,20181130,32.811,6.209,8.393,BKNG
86783,20171231,20180930,20181231,29.872,5.567,7.526,BKNG
86783,20171231,20180930,20190131,31.787,5.924,8.009,BKNG
86783,20181231,20181231,20190228,20.382,5.258,8.344,BKNG
86783,20181231,20181231,20190331,20.957,5.307,8.422,BKNG
86783,20181231,20181231,20190430,22.279,5.642,8.953,BKNG
86783,20181231,20190331,20190531,18.851,4.967,9.653,BKNG
86783,20181231,20190331,20190630,21.337,5.554,10.793,BKNG
86783,20181231,20190331,20190731,21.473,5.556,10.797,BKNG
86783,20181231,20190630,20190831,21.837,5.668,14.386,BKNG
86783,20181231,20190630,20190930,21.795,5.6,14.214,BKNG
86783,20181231,20190630,20191031,22.751,5.814,14.757,BKNG
86783,20181231,20190930,20191130,19.445,5.334,11.687,BKNG
86783,20181231,20190930,20191231,20.974,5.754,12.606,BKNG
87267,20081231,20090930,20100131,43.637,3.179,0.907,BLK
87267,20091231,20091231,20100228,35.81,2.932,0.462,BLK
87267,20091231,20091231,20100331,35.64,2.922,0.46,BLK
87267,20091231,20091231,20100430,30.115,2.516,0.396,BLK
87267,20091231,20100331,20100531,21.945,1.892,0.357,BLK
87267,20091231,20100331,20100630,18.745,1.616,0.305,BLK
87267,20091231,20100331,20100731,20.587,1.775,0.335,BLK
87267,20091231,20100630,20100831,17.164,1.354,0.297,BLK
87267,20091231,20100630,20100930,20.586,1.624,0.357,BLK
87267,20091231,20100630,20101031,20.676,1.631,0.358,BLK
87267,20091231,20100930,20101130,18.46,2.679,0.663,BLK
87267,20091231,20100930,20101231,21.583,3.26,0.807,BLK
87267,20091231,20100930,20110131,22.426,3.388,0.839,BLK
87267,20101231,20101231,20110228,19.336,3.105,0.847,BLK
87267,20101231,20101231,20110331,19.053,3.076,0.839,BLK
87267,20101231,20101231,20110430,18.573,3.01,0.821,BLK
87267,20101231,20110331,20110531,18.223,3.056,0.85,BLK
87267,20101231,20110331,20110630,17.004,2.852,0.793,BLK
87267,20101231,20110331,20110731,15.821,2.654,0.738,BLK
87267,20101231,20110630,20110831,13.416,2.415,0.745,BLK
87267,20101231,20110630,20110930,12.053,2.169,0.669,BLK
87267,20101231,20110630,20111031,12.849,3.063,0.945,BLK
87267,20101231,20110930,20111130,13.568,2.559,0.795,BLK
87267,20101231,20110930,20111231,14.057,2.652,0.824,BLK
87267,20101231,20110930,20120131,14.353,2.708,0.841,BLK
87267,20111231,20111231,20120229,16.087,3.054,0.913,BLK
87267,20111231,20111231,20120331,16.564,3.152,0.942,BLK
87267,20111231,20111231,20120430,15.487,2.944,0.88,BLK
87267,20111231,20120331,20120531,13.523,3.11,0.916,BLK
87267,20111231,20120331,20120630,13.446,3.092,0.91,BLK
87267,20111231,20120331,20120731,13.481,3.254,0.958,BLK
87267,20111231,20120630,20120831,14.11,3.302,0.981,BLK
87267,20111231,20120630,20120930,14.264,3.338,0.992,BLK
87267,20111231,20120630,20121031,15.174,3.654,1.086,BLK
87267,20111231,20120930,20121130,15.251,3.701,1.1,BLK
87267,20111231,20120930,20121231,15.999,3.883,1.154,BLK
87267,20111231,20120930,20130131,18.288,4.483,1.332,BLK
87267,20121231,20121231,20130228,17.386,4.396,1.337,BLK
87267,20121231,20121231,20130331,18.628,4.676,1.422,BLK
87267,20121231,20121231,20130430,19.326,4.823,1.467,BLK
87267,20121231,20130331,20130531,19.552,4.939,1.533,BLK
87267,20121231,20130331,20130630,17.987,4.544,1.41,BLK
87267,20121231,20130331,20130731,19.745,5.034,1.563,BLK
87267,20121231,20130630,20130831,16.915,4.465,1.414,BLK
87267,20121231,20130630,20130930,17.584,4.642,1.47,BLK
87267,20121231,20130630,20131031,19.546,5.205,1.649,BLK
87267,20121231,20130930,20131130,18.981,5.088,1.619,BLK
87267,20121231,20130930,20131231,19.841,5.319,1.693,BLK
87267,20121231,20130930,20140131,18.838,5.099,1.623,BLK
87267,20131231,20131231,20140228,18.07,5.016,1.619,BLK
87267,20131231,20131231,20140331,18.641,5.175,1.67,BLK
87267,20131231,20131231,20140430,17.842,4.938,1.594,BLK
87267,20131231,20140331,20140531,17.265,4.89,1.604,BLK
87267,20131231,20140331,20140630,18.097,5.126,1.681,BLK
87267,20131231,20140331,20140731,17.255,4.933,1.617,BLK
87267,20131231,20140630,20140831,18.171,5.129,1.711,BLK
87267,20131231,20140630,20140930,18.049,5.095,1.7,BLK
87267,20131231,20140630,20141031,18.753,5.345,1.783,BLK
87267,20131231,20140930,20141130,18.567,5.357,1.845,BLK
87267,20131231,20140930,20141231,18.488,5.334,1.837,BLK
87267,20131231,20140930,20150131,17.607,5.08,1.749,BLK
87267,20141231,20141231,20150228,19.295,5.544,1.899,BLK
87267,20141231,20141231,20150331,19.005,5.461,1.87,BLK
87267,20141231,20141231,20150430,18.906,5.418,1.855,BLK
87267,20141231,20150331,20150531,18.568,5.408,1.855,BLK
87267,20141231,20150331,20150630,17.562,5.115,1.755,BLK
87267,20141231,20150331,20150731,17.072,5.026,1.724,BLK
87267,20141231,20150630,20150831,15.253,4.395,1.51,BLK
87267,20141231,20150630,20150930,15.001,4.323,1.485,BLK
87267,20141231,20150630,20151031,17.749,5.19,1.783,BLK
87267,20141231,20150930,20151130,18.7,5.268,1.804,BLK
87267,20141231,20150930,20151231,17.507,4.932,1.689,BLK
87267,20141231,20150930,20160131,16.157,4.596,1.574,BLK
87267,20151231,20151231,20160229,15.764,4.486,1.533,BLK
87267,20151231,20151231,20160331,17.209,4.896,1.673,BLK
87267,20151231,20151231,20160430,18.006,5.162,1.765,BLK
87267,20151231,20160331,20160531,19.282,5.259,1.783,BLK
87267,20151231,20160331,20160630,18.152,4.951,1.679,BLK
87267,20151231,20160331,20160731,19.409,5.33,1.807,BLK
87267,20151231,20160630,20160831,19.862,5.411,1.811,BLK
87267,20151231,20160630,20160930,19.311,5.251,1.757,BLK
87267,20151231,20160630,20161031,18.18,4.943,1.654,BLK
87267,20151231,20160930,20161130,19.484,5.4,1.781,BLK
87267,20151231,20160930,20161231,19.997,5.542,1.828,BLK
87267,20151231,20160930,20170131,19.652,5.482,1.808,BLK
87267,20161231,20161231,20170228,20.35,5.636,1.852,BLK
87267,20161231,20161231,20170331,20.142,5.578,1.833,BLK
87267,20161231,20161231,20170430,20.198,5.615,1.846,BLK
87267,20161231,20170331,20170531,20.13,5.692,1.935,BLK
87267,20161231,20170331,20170630,20.778,5.875,1.997,BLK
87267,20161231,20170331,20170731,20.98,5.953,2.024,BLK
87267,20161231,20170630,20170831,20.145,5.595,1.953,BLK
87267,20161231,20170630,20170930,21.495,5.97,2.084,BLK
87267,20161231,20170630,20171031,22.636,6.312,2.203,BLK
87267,20161231,20170930,20171130,23.53,6.314,2.295,BLK
87267,20161231,20170930,20171231,24.118,6.472,2.353,BLK
87267,20161231,20170930,20180131,26.376,7.11,2.584,BLK
87267,20171231,20171231,20180228,18.175,7.069,2.497,BLK
87267,20171231,20171231,20180331,17.92,6.97,2.462,BLK
87267,20171231,20171231,20180430,17.251,6.693,2.364,BLK
87267,20171231,20180331,20180531,16.879,6.073,2.411,BLK
87267,20171231,20180331,20180630,15.767,5.673,2.252,BLK
87267,20171231,20180331,20180731,15.885,5.737,2.277,BLK
87267,20171231,20180630,20180831,14.486,5.287,2.145,BLK
87267,20171231,20180630,20180930,14.252,5.202,2.11,BLK
87267,20171231,20180630,20181031,12.441,4.547,1.845,BLK
87267,20171231,20180930,20181130,12.285,4.646,1.877,BLK
87267,20171231,20180930,20181231,11.275,4.264,1.722,BLK
87267,20171231,20180930,20190131,11.914,4.529,1.829,BLK
87267,20181231,20181231,20190228,16.675,4.949,1.955,BLK
87267,20181231,20181231,20190331,16.079,4.757,1.879,BLK
87267,20181231,20181231,20190430,18.256,5.308,2.097,BLK
87267,20181231,20190331,20190531,15.652,4.599,1.837,BLK
87267,20181231,20190331,20190630,17.676,5.194,2.074,BLK
87267,20181231,20190331,20190731,17.615,5.205,2.078,BLK
87267,20181231,20190630,20190831,16.043,4.706,1.829,BLK
87267,20181231,20190630,20190930,16.919,4.963,1.929,BLK
87267,20181231,20190630,20191031,17.528,5.162,2.006,BLK
87267,20181231,20190930,20191130,19.072,5.487,2.122,BLK
87267,20181231,20190930,20191231,19.372,5.573,2.155,BLK
